{"type":"FeatureCollection","features":[{"type":"Feature","properties":{"geo":{"name":"Stades de Football"},"_l":[47.218460390894,-1.46645497803417],"LIBTHEME":"SPORTS","CODE_POSTAL":44115,"WEB":null,"STATUT":null,"TELEPHONE":null,"THEME":6,"COMMUNE":"BASSE-GOULAINE","LIBCATEGORIE":"Stade","ADRESSE":"Rue de la Poste","LIBTYPE":null,"_IDOBJ":4222,"TYPE":null,"CATEGORIE":606},"geometry":{"type":"Point","coordinates":[-1.46645497803417,47.218460390894]}},{"type":"Feature","properties":{"geo":{"name":"Stade René Gaudin"},"_l":[47.2124692994787,-1.73688201873656],"LIBTHEME":"SPORTS","CODE_POSTAL":44220,"WEB":"www.ville-coueron.fr","STATUT":null,"TELEPHONE":"02 40 86 70 52","THEME":6,"COMMUNE":"COUERON","LIBCATEGORIE":"Stade","ADRESSE":"Boulevard Francois Blancho","LIBTYPE":null,"_IDOBJ":4287,"TYPE":null,"CATEGORIE":606},"geometry":{"type":"Point","coordinates":[-1.73688201873656,47.2124692994787]}},{"type":"Feature","properties":{"geo":{"name":"Piste d'athlétisme"},"_l":[47.2981980314539,-1.55717877351555],"LIBTHEME":"SPORTS","CODE_POSTAL":44240,"WEB":null,"STATUT":null,"TELEPHONE":null,"THEME":6,"COMMUNE":"LA-CHAPELLE-SUR-ERDRE","LIBCATEGORIE":"Stade","ADRESSE":"Rue Louis Maisonneuve","LIBTYPE":null,"_IDOBJ":4356,"TYPE":null,"CATEGORIE":606},"geometry":{"type":"Point","coordinates":[-1.55717877351555,47.2981980314539]}},{"type":"Feature","properties":{"geo":{"name":"Plateau sportif Gesvres"},"_l":[47.2668362406531,-1.5510211970947],"LIBTHEME":"SPORTS","CODE_POSTAL":44240,"WEB":"www.lachapellesurerdre.fr","STATUT":null,"TELEPHONE":null,"THEME":6,"COMMUNE":"LA-CHAPELLE-SUR-ERDRE","LIBCATEGORIE":"Stade","ADRESSE":"Boulevard du Gesvres","LIBTYPE":null,"_IDOBJ":4361,"TYPE":null,"CATEGORIE":606},"geometry":{"type":"Point","coordinates":[-1.5510211970947,47.2668362406531]}},{"type":"Feature","properties":{"geo":{"name":"Stade Marcel Saupin"},"_l":[47.2128111349278,-1.53864710450033],"LIBTHEME":"SPORTS","CODE_POSTAL":44000,"WEB":null,"STATUT":"Ville de Nantes","TELEPHONE":"02 40 47 69 68","THEME":6,"COMMUNE":"NANTES","LIBCATEGORIE":"Stade","ADRESSE":"31 Quai Malakoff","LIBTYPE":null,"_IDOBJ":99,"TYPE":null,"CATEGORIE":606},"geometry":{"type":"Point","coordinates":[-1.53864710450033,47.2128111349278]}},{"type":"Feature","properties":{"geo":{"name":"Stade de la Beaujoire Louis Fonteneau"},"_l":[47.2560188243375,-1.52470397906934],"LIBTHEME":"SPORTS","CODE_POSTAL":44300,"WEB":null,"STATUT":"Ville de Nantes","TELEPHONE":"02 40 30 11 22","THEME":6,"COMMUNE":"NANTES","LIBCATEGORIE":"Stade","ADRESSE":"330 Route de Saint Joseph","LIBTYPE":null,"_IDOBJ":104,"TYPE":null,"CATEGORIE":606},"geometry":{"type":"Point","coordinates":[-1.52470397906934,47.2560188243375]}},{"type":"Feature","properties":{"geo":{"name":"Vélodrome Stade Petit Breton"},"_l":[47.2138786486921,-1.60046869676866],"LIBTHEME":"SPORTS","CODE_POSTAL":44100,"WEB":null,"STATUT":"Ville de Nantes","TELEPHONE":"02 40 46 48 19","THEME":6,"COMMUNE":"NANTES","LIBCATEGORIE":"Stade","ADRESSE":"14 Rue de la Durantière","LIBTYPE":null,"_IDOBJ":108,"TYPE":null,"CATEGORIE":606},"geometry":{"type":"Point","coordinates":[-1.60046869676866,47.2138786486921]}},{"type":"Feature","properties":{"geo":{"name":"Stade La Halvêque"},"_l":[47.2538292977411,-1.5186951525008],"LIBTHEME":"SPORTS","CODE_POSTAL":44300,"WEB":null,"STATUT":"Ville de Nantes","TELEPHONE":null,"THEME":6,"COMMUNE":"NANTES","LIBCATEGORIE":"Stade","ADRESSE":"23 Rue Léon Serpollet","LIBTYPE":null,"_IDOBJ":694,"TYPE":null,"CATEGORIE":606},"geometry":{"type":"Point","coordinates":[-1.5186951525008,47.2538292977411]}},{"type":"Feature","properties":{"geo":{"name":"Stade Joseph Geoffroy La Saint-Pierre"},"_l":[47.2394743300945,-1.53322853170605],"LIBTHEME":"SPORTS","CODE_POSTAL":44300,"WEB":null,"STATUT":"Privé","TELEPHONE":null,"THEME":6,"COMMUNE":"NANTES","LIBCATEGORIE":"Stade","ADRESSE":"25 Rue du Port Boyer","LIBTYPE":null,"_IDOBJ":695,"TYPE":null,"CATEGORIE":606},"geometry":{"type":"Point","coordinates":[-1.53322853170605,47.2394743300945]}},{"type":"Feature","properties":{"geo":{"name":"Stade Batignolles"},"_l":[47.2455707001361,-1.527166617003],"LIBTHEME":"SPORTS","CODE_POSTAL":44300,"WEB":null,"STATUT":"Privé","TELEPHONE":null,"THEME":6,"COMMUNE":"NANTES","LIBCATEGORIE":"Stade","ADRESSE":"20 Rue de Koufra","LIBTYPE":null,"_IDOBJ":696,"TYPE":null,"CATEGORIE":606},"geometry":{"type":"Point","coordinates":[-1.527166617003,47.2455707001361]}},{"type":"Feature","properties":{"geo":{"name":"Stade de l'Institut la Papotière"},"_l":[47.2388744677726,-1.49501795862794],"LIBTHEME":"SPORTS","CODE_POSTAL":44300,"WEB":null,"STATUT":"Et. scolaire privé","TELEPHONE":null,"THEME":6,"COMMUNE":"NANTES","LIBCATEGORIE":"Stade","ADRESSE":"56 Rue de la Papotière","LIBTYPE":null,"_IDOBJ":699,"TYPE":null,"CATEGORIE":606},"geometry":{"type":"Point","coordinates":[-1.49501795862794,47.2388744677726]}},{"type":"Feature","properties":{"geo":{"name":"Stade Annexe Louis Fonteneau"},"_l":[47.2575049256793,-1.52284092753319],"LIBTHEME":"SPORTS","CODE_POSTAL":44300,"WEB":null,"STATUT":"Ville de Nantes","TELEPHONE":"02 40 30 11 22","THEME":6,"COMMUNE":"NANTES","LIBCATEGORIE":"Stade","ADRESSE":"330 Route de Saint Joseph","LIBTYPE":null,"_IDOBJ":705,"TYPE":null,"CATEGORIE":606},"geometry":{"type":"Point","coordinates":[-1.52284092753319,47.2575049256793]}},{"type":"Feature","properties":{"geo":{"name":"Espace de Proximité La Grande Noue"},"_l":[47.2368726881607,-1.52203929092366],"LIBTHEME":"SPORTS","CODE_POSTAL":44300,"WEB":null,"STATUT":"Ville de Nantes","TELEPHONE":null,"THEME":6,"COMMUNE":"NANTES","LIBCATEGORIE":"Stade","ADRESSE":"10 Rue de la Bottière","LIBTYPE":null,"_IDOBJ":706,"TYPE":null,"CATEGORIE":606},"geometry":{"type":"Point","coordinates":[-1.52203929092366,47.2368726881607]}},{"type":"Feature","properties":{"geo":{"name":"Stade Caserne Quartier Mellinet"},"_l":[47.227779950368,-1.53947196044704],"LIBTHEME":"SPORTS","CODE_POSTAL":44000,"WEB":null,"STATUT":"Etat","TELEPHONE":null,"THEME":6,"COMMUNE":"NANTES","LIBCATEGORIE":"Stade","ADRESSE":"4 Place du 51ième RA","LIBTYPE":null,"_IDOBJ":708,"TYPE":null,"CATEGORIE":606},"geometry":{"type":"Point","coordinates":[-1.53947196044704,47.227779950368]}},{"type":"Feature","properties":{"geo":{"name":"Stade Gendarmerie Mobile"},"_l":[47.2240896402131,-1.53461190449211],"LIBTHEME":"SPORTS","CODE_POSTAL":44000,"WEB":null,"STATUT":"Etat","TELEPHONE":null,"THEME":6,"COMMUNE":"NANTES","LIBCATEGORIE":"Stade","ADRESSE":"4 Rue d'Allonville","LIBTYPE":null,"_IDOBJ":709,"TYPE":null,"CATEGORIE":606},"geometry":{"type":"Point","coordinates":[-1.53461190449211,47.2240896402131]}},{"type":"Feature","properties":{"geo":{"name":"Stade Racing Athlétic Club Cheminots"},"_l":[47.2336750987808,-1.49807801672287],"LIBTHEME":"SPORTS","CODE_POSTAL":44300,"WEB":null,"STATUT":"Privé","TELEPHONE":null,"THEME":6,"COMMUNE":"NANTES","LIBCATEGORIE":"Stade","ADRESSE":"8 Avenue Enklays","LIBTYPE":null,"_IDOBJ":717,"TYPE":null,"CATEGORIE":606},"geometry":{"type":"Point","coordinates":[-1.49807801672287,47.2336750987808]}},{"type":"Feature","properties":{"geo":{"name":"Espace Sportif de Proximité du Clos Toreau"},"_l":[47.1958427694973,-1.52649869561317],"LIBTHEME":"SPORTS","CODE_POSTAL":44200,"WEB":null,"STATUT":"Ville de Nantes","TELEPHONE":null,"THEME":6,"COMMUNE":"NANTES","LIBCATEGORIE":"Stade","ADRESSE":"3 Rue d'Hasparren","LIBTYPE":null,"_IDOBJ":721,"TYPE":null,"CATEGORIE":606},"geometry":{"type":"Point","coordinates":[-1.52649869561317,47.1958427694973]}},{"type":"Feature","properties":{"geo":{"name":"Stade de la Gilarderie"},"_l":[47.1883637645113,-1.5216741682041],"LIBTHEME":"SPORTS","CODE_POSTAL":44200,"WEB":null,"STATUT":"Ville de Nantes","TELEPHONE":null,"THEME":6,"COMMUNE":"NANTES","LIBCATEGORIE":"Stade","ADRESSE":"115 Rue de la Gilarderie","LIBTYPE":null,"_IDOBJ":722,"TYPE":null,"CATEGORIE":606},"geometry":{"type":"Point","coordinates":[-1.5216741682041,47.1883637645113]}},{"type":"Feature","properties":{"geo":{"name":"Stade Lycée La Chauvinière"},"_l":[47.2528460550251,-1.57272183211182],"LIBTHEME":"SPORTS","CODE_POSTAL":44300,"WEB":null,"STATUT":"Région","TELEPHONE":"02 40 76 50 22","THEME":6,"COMMUNE":"NANTES","LIBCATEGORIE":"Stade","ADRESSE":"2 Rue de la Fantaisie","LIBTYPE":null,"_IDOBJ":731,"TYPE":null,"CATEGORIE":606},"geometry":{"type":"Point","coordinates":[-1.57272183211182,47.2528460550251]}},{"type":"Feature","properties":{"geo":{"name":"Stade Launay Violette"},"_l":[47.2490898325466,-1.55734123748702],"LIBTHEME":"SPORTS","CODE_POSTAL":44300,"WEB":null,"STATUT":"Etat","TELEPHONE":null,"THEME":6,"COMMUNE":"NANTES","LIBCATEGORIE":"Stade","ADRESSE":"Impasse Charles Chassin","LIBTYPE":null,"_IDOBJ":733,"TYPE":null,"CATEGORIE":606},"geometry":{"type":"Point","coordinates":[-1.55734123748702,47.2490898325466]}},{"type":"Feature","properties":{"geo":{"name":"Stade Ecole Centrale"},"_l":[47.2500622500176,-1.54656830645655],"LIBTHEME":"SPORTS","CODE_POSTAL":44300,"WEB":null,"STATUT":"Etat","TELEPHONE":null,"THEME":6,"COMMUNE":"NANTES","LIBCATEGORIE":"Stade","ADRESSE":"32 Route de la Jonelière","LIBTYPE":null,"_IDOBJ":734,"TYPE":null,"CATEGORIE":606},"geometry":{"type":"Point","coordinates":[-1.54656830645655,47.2500622500176]}},{"type":"Feature","properties":{"geo":{"name":"Stade Lycée Saint Stanislas"},"_l":[47.2241931200579,-1.55716309906843],"LIBTHEME":"SPORTS","CODE_POSTAL":44000,"WEB":null,"STATUT":"Et. scolaire privé","TELEPHONE":null,"THEME":6,"COMMUNE":"NANTES","LIBCATEGORIE":"Stade","ADRESSE":"2 Rue Saint Stanislas","LIBTYPE":null,"_IDOBJ":736,"TYPE":null,"CATEGORIE":606},"geometry":{"type":"Point","coordinates":[-1.55716309906843,47.2241931200579]}},{"type":"Feature","properties":{"geo":{"name":"Stade Procé"},"_l":[47.2245648578804,-1.57960754014384],"LIBTHEME":"SPORTS","CODE_POSTAL":44000,"WEB":null,"STATUT":"Ville de Nantes","TELEPHONE":"02 40 76 85 58","THEME":6,"COMMUNE":"NANTES","LIBCATEGORIE":"Stade","ADRESSE":"13 Boulevard Clovis Constant","LIBTYPE":null,"_IDOBJ":737,"TYPE":null,"CATEGORIE":606},"geometry":{"type":"Point","coordinates":[-1.57960754014384,47.2245648578804]}},{"type":"Feature","properties":{"geo":{"name":"Stade Annexe de Procé"},"_l":[47.2218250939351,-1.5798631559538],"LIBTHEME":"SPORTS","CODE_POSTAL":44100,"WEB":null,"STATUT":"Ville de Nantes","TELEPHONE":null,"THEME":6,"COMMUNE":"NANTES","LIBCATEGORIE":"Stade","ADRESSE":"Rue des Dervallières","LIBTYPE":null,"_IDOBJ":738,"TYPE":null,"CATEGORIE":606},"geometry":{"type":"Point","coordinates":[-1.5798631559538,47.2218250939351]}},{"type":"Feature","properties":{"geo":{"name":"Stade Bois de la Musse Espérance St-Yves"},"_l":[47.2016418613322,-1.61194218184324],"LIBTHEME":"SPORTS","CODE_POSTAL":44100,"WEB":null,"STATUT":"Privé","TELEPHONE":null,"THEME":6,"COMMUNE":"NANTES","LIBCATEGORIE":"Stade","ADRESSE":"9 Rue Marange Sylvange","LIBTYPE":null,"_IDOBJ":740,"TYPE":null,"CATEGORIE":606},"geometry":{"type":"Point","coordinates":[-1.61194218184324,47.2016418613322]}},{"type":"Feature","properties":{"geo":{"name":"Stade La Mellinet-Audrain"},"_l":[47.2202754799175,-1.59233703828921],"LIBTHEME":"SPORTS","CODE_POSTAL":44100,"WEB":null,"STATUT":"Privé","TELEPHONE":"02 40 46 99 11","THEME":6,"COMMUNE":"NANTES","LIBCATEGORIE":"Stade","ADRESSE":"57 Rue de la Marzelle de Grillaud","LIBTYPE":null,"_IDOBJ":743,"TYPE":null,"CATEGORIE":606},"geometry":{"type":"Point","coordinates":[-1.59233703828921,47.2202754799175]}},{"type":"Feature","properties":{"geo":{"name":"Stade Lycée Carcouët"},"_l":[47.2294568688571,-1.59273541081586],"LIBTHEME":"SPORTS","CODE_POSTAL":44100,"WEB":null,"STATUT":"Région","TELEPHONE":null,"THEME":6,"COMMUNE":"NANTES","LIBCATEGORIE":"Stade","ADRESSE":"115 Boulevard du Massacre","LIBTYPE":null,"_IDOBJ":745,"TYPE":null,"CATEGORIE":606},"geometry":{"type":"Point","coordinates":[-1.59273541081586,47.2294568688571]}},{"type":"Feature","properties":{"geo":{"name":"Stade Pascal-Laporte"},"_l":[47.2293146065473,-1.58189404120653],"LIBTHEME":"SPORTS","CODE_POSTAL":44100,"WEB":"www.stadenantais-rugby.com","STATUT":"Ville de Nantes","TELEPHONE":"02 40 76 94 63","THEME":6,"COMMUNE":"NANTES","LIBCATEGORIE":"Stade","ADRESSE":"74 Boulevard des Anglais","LIBTYPE":null,"_IDOBJ":747,"TYPE":null,"CATEGORIE":606},"geometry":{"type":"Point","coordinates":[-1.58189404120653,47.2293146065473]}},{"type":"Feature","properties":{"geo":{"name":"Stade Lycée Externat des Enfants Nantais"},"_l":[47.2170884875442,-1.57321007071901],"LIBTHEME":"SPORTS","CODE_POSTAL":44000,"WEB":null,"STATUT":"Privé","TELEPHONE":null,"THEME":6,"COMMUNE":"NANTES","LIBCATEGORIE":"Stade","ADRESSE":"31 Avenue Camus","LIBTYPE":null,"_IDOBJ":748,"TYPE":null,"CATEGORIE":606},"geometry":{"type":"Point","coordinates":[-1.57321007071901,47.2170884875442]}},{"type":"Feature","properties":{"geo":{"name":"Stade Jean Jacques Audubon"},"_l":[47.2401710295351,-1.50438306254425],"LIBTHEME":"SPORTS","CODE_POSTAL":44300,"WEB":null,"STATUT":"Ville de Nantes","TELEPHONE":"02 40 52 24 94","THEME":6,"COMMUNE":"NANTES","LIBCATEGORIE":"Stade","ADRESSE":"45 Rue Jean Jacques Audubon","LIBTYPE":null,"_IDOBJ":846,"TYPE":null,"CATEGORIE":606},"geometry":{"type":"Point","coordinates":[-1.50438306254425,47.2401710295351]}},{"type":"Feature","properties":{"geo":{"name":"Stade Etoile du Cens"},"_l":[47.255501567701,-1.5747452777234],"LIBTHEME":"SPORTS","CODE_POSTAL":44300,"WEB":null,"STATUT":"Privé","TELEPHONE":"02 40 40 95 09","THEME":6,"COMMUNE":"NANTES","LIBCATEGORIE":"Stade","ADRESSE":"24 Route de la Chapelle Sur Erdre","LIBTYPE":null,"_IDOBJ":859,"TYPE":null,"CATEGORIE":606},"geometry":{"type":"Point","coordinates":[-1.5747452777234,47.255501567701]}},{"type":"Feature","properties":{"geo":{"name":"Stade l'Amande"},"_l":[47.2624908425566,-1.57333713309748],"LIBTHEME":"SPORTS","CODE_POSTAL":44300,"WEB":null,"STATUT":"Ville de Nantes","TELEPHONE":"02 40 40 46 27","THEME":6,"COMMUNE":"NANTES","LIBCATEGORIE":"Stade","ADRESSE":"112 Route de la Chapelle Sur Erdre","LIBTYPE":null,"_IDOBJ":860,"TYPE":null,"CATEGORIE":606},"geometry":{"type":"Point","coordinates":[-1.57333713309748,47.2624908425566]}},{"type":"Feature","properties":{"geo":{"name":"Stade Michel Lecointre Beaulieu"},"_l":[47.209675350334,-1.53281900853191],"LIBTHEME":"SPORTS","CODE_POSTAL":44200,"WEB":null,"STATUT":"Ville de Nantes","TELEPHONE":"02 40 47 86 59","THEME":6,"COMMUNE":"NANTES","LIBCATEGORIE":"Stade","ADRESSE":"2 Boulevard Alexandre Millerand","LIBTYPE":null,"_IDOBJ":863,"TYPE":null,"CATEGORIE":606},"geometry":{"type":"Point","coordinates":[-1.53281900853191,47.209675350334]}},{"type":"Feature","properties":{"geo":{"name":"Stade Pin Sec"},"_l":[47.242648370723,-1.5201696337809],"LIBTHEME":"SPORTS","CODE_POSTAL":44300,"WEB":null,"STATUT":"Ville de Nantes","TELEPHONE":"02 40 93 80 91","THEME":6,"COMMUNE":"NANTES","LIBCATEGORIE":"Stade","ADRESSE":"19 Rue Pierre Bouguer","LIBTYPE":null,"_IDOBJ":864,"TYPE":null,"CATEGORIE":606},"geometry":{"type":"Point","coordinates":[-1.5201696337809,47.242648370723]}},{"type":"Feature","properties":{"geo":{"name":"Stade de la Roche"},"_l":[47.2192670171279,-1.51974622474479],"LIBTHEME":"SPORTS","CODE_POSTAL":44000,"WEB":null,"STATUT":"Ville de Nantes","TELEPHONE":"02 40 49 71 33","THEME":6,"COMMUNE":"NANTES","LIBCATEGORIE":"Stade","ADRESSE":"10 Rue de la Révolution des Oeillets","LIBTYPE":null,"_IDOBJ":1072,"TYPE":null,"CATEGORIE":606},"geometry":{"type":"Point","coordinates":[-1.51974622474479,47.2192670171279]}},{"type":"Feature","properties":{"geo":{"name":"Stade des Dervallières"},"_l":[47.2264093976016,-1.59259941569142],"LIBTHEME":"SPORTS","CODE_POSTAL":44100,"WEB":null,"STATUT":"Ville de Nantes","TELEPHONE":"02 40 46 13 04","THEME":6,"COMMUNE":"NANTES","LIBCATEGORIE":"Stade","ADRESSE":"19 Rue Jean Marc Nattier","LIBTYPE":null,"_IDOBJ":1233,"TYPE":null,"CATEGORIE":606},"geometry":{"type":"Point","coordinates":[-1.59259941569142,47.2264093976016]}},{"type":"Feature","properties":{"geo":{"name":"Stade du RACC"},"_l":[47.2328638801984,-1.49998703586133],"LIBTHEME":"SPORTS","CODE_POSTAL":44300,"WEB":null,"STATUT":"Privé","TELEPHONE":"02 40 59 29 16","THEME":6,"COMMUNE":"NANTES","LIBCATEGORIE":"Stade","ADRESSE":"11 Rue de la Rivière","LIBTYPE":null,"_IDOBJ":1239,"TYPE":null,"CATEGORIE":606},"geometry":{"type":"Point","coordinates":[-1.49998703586133,47.2328638801984]}},{"type":"Feature","properties":{"geo":{"name":"Stade Mangin Beaulieu"},"_l":[47.2050515534856,-1.54100881728214],"LIBTHEME":"SPORTS","CODE_POSTAL":44200,"WEB":null,"STATUT":"Ville de Nantes","TELEPHONE":"02 51 72 43 00","THEME":6,"COMMUNE":"NANTES","LIBCATEGORIE":"Stade","ADRESSE":"10 Rue Louis Joxe","LIBTYPE":null,"_IDOBJ":1353,"TYPE":null,"CATEGORIE":606},"geometry":{"type":"Point","coordinates":[-1.54100881728214,47.2050515534856]}},{"type":"Feature","properties":{"geo":{"name":"Stade Calvaires"},"_l":[47.2150249072251,-1.64989325221638],"LIBTHEME":"SPORTS","CODE_POSTAL":44800,"WEB":"asso.wanadoo.fr/oms.saint.herblain","STATUT":"Public","TELEPHONE":"02 40 85 36 56","THEME":6,"COMMUNE":"ST-HERBLAIN","LIBCATEGORIE":"Stade","ADRESSE":"Rue des Calvaires","LIBTYPE":null,"_IDOBJ":1835,"TYPE":null,"CATEGORIE":606},"geometry":{"type":"Point","coordinates":[-1.64989325221638,47.2150249072251]}},{"type":"Feature","properties":{"geo":{"name":"Stade du Verger"},"_l":[47.2500435216439,-1.59134696816738],"LIBTHEME":"SPORTS","CODE_POSTAL":44700,"WEB":"www.orvault.fr","STATUT":"Public","TELEPHONE":"02 40 76 01 50","THEME":6,"COMMUNE":"ORVAULT","LIBCATEGORIE":"Stade","ADRESSE":"5 Rue du Stade","LIBTYPE":null,"_IDOBJ":1966,"TYPE":null,"CATEGORIE":606},"geometry":{"type":"Point","coordinates":[-1.59134696816738,47.2500435216439]}},{"type":"Feature","properties":{"geo":{"name":"Stade de la Bugallière"},"_l":[47.2600781293576,-1.63172618061595],"LIBTHEME":"SPORTS","CODE_POSTAL":44700,"WEB":null,"STATUT":"Public","TELEPHONE":"02 40 63 54 85","THEME":6,"COMMUNE":"ORVAULT","LIBCATEGORIE":"Stade","ADRESSE":"21 Avenue de la Bugallière","LIBTYPE":null,"_IDOBJ":1970,"TYPE":null,"CATEGORIE":606},"geometry":{"type":"Point","coordinates":[-1.63172618061595,47.2600781293576]}},{"type":"Feature","properties":{"geo":{"name":"Stade de Gagné"},"_l":[47.2831792345893,-1.62970765071141],"LIBTHEME":"SPORTS","CODE_POSTAL":44700,"WEB":"www.orvault.fr","STATUT":"Public","TELEPHONE":"02 40 63 50 96","THEME":6,"COMMUNE":"ORVAULT","LIBCATEGORIE":"Stade","ADRESSE":"Chemin de Bazoges","LIBTYPE":null,"_IDOBJ":1974,"TYPE":null,"CATEGORIE":606},"geometry":{"type":"Point","coordinates":[-1.62970765071141,47.2831792345893]}},{"type":"Feature","properties":{"geo":{"name":"Stade de la Profondine"},"_l":[47.1947852992256,-1.48786168522172],"LIBTHEME":"SPORTS","CODE_POSTAL":44230,"WEB":null,"STATUT":"Public","TELEPHONE":"02 40 34 42 77","THEME":6,"COMMUNE":"ST-SEBASTIEN","LIBCATEGORIE":"Stade","ADRESSE":"Rue des Gripôts","LIBTYPE":null,"_IDOBJ":2041,"TYPE":null,"CATEGORIE":606},"geometry":{"type":"Point","coordinates":[-1.48786168522172,47.1947852992256]}},{"type":"Feature","properties":{"geo":{"name":"Stade des Gripots"},"_l":[47.1945884331847,-1.48352237987671],"LIBTHEME":"SPORTS","CODE_POSTAL":44230,"WEB":null,"STATUT":null,"TELEPHONE":"02 40 03 44 25","THEME":6,"COMMUNE":"ST-SEBASTIEN","LIBCATEGORIE":"Stade","ADRESSE":"Rue des Plantes","LIBTYPE":null,"_IDOBJ":2042,"TYPE":null,"CATEGORIE":606},"geometry":{"type":"Point","coordinates":[-1.48352237987671,47.1945884331847]}},{"type":"Feature","properties":{"geo":{"name":"Stade Football Félix Guyot"},"_l":[47.2012865194815,-1.67079315636277],"LIBTHEME":"SPORTS","CODE_POSTAL":44610,"WEB":null,"STATUT":"Public","TELEPHONE":"02 40 86 73 18","THEME":6,"COMMUNE":"INDRE","LIBCATEGORIE":"Stade","ADRESSE":"Rue du Stade","LIBTYPE":null,"_IDOBJ":2111,"TYPE":null,"CATEGORIE":606},"geometry":{"type":"Point","coordinates":[-1.67079315636277,47.2012865194815]}},{"type":"Feature","properties":{"geo":{"name":"Stade René Massé"},"_l":[47.2113704422294,-1.50056167624582],"LIBTHEME":"SPORTS","CODE_POSTAL":44230,"WEB":null,"STATUT":"Public","TELEPHONE":null,"THEME":6,"COMMUNE":"ST-SEBASTIEN","LIBCATEGORIE":"Stade","ADRESSE":"Boulevard des Pas Enchantés","LIBTYPE":null,"_IDOBJ":2155,"TYPE":null,"CATEGORIE":606},"geometry":{"type":"Point","coordinates":[-1.50056167624582,47.2113704422294]}},{"type":"Feature","properties":{"geo":{"name":"Stade Maurice Thollé"},"_l":[47.2112714740649,-1.50375232534838],"LIBTHEME":"SPORTS","CODE_POSTAL":44230,"WEB":null,"STATUT":"Public","TELEPHONE":null,"THEME":6,"COMMUNE":"ST-SEBASTIEN","LIBCATEGORIE":"Stade","ADRESSE":"Boulevard des Pas Enchantés","LIBTYPE":null,"_IDOBJ":2156,"TYPE":null,"CATEGORIE":606},"geometry":{"type":"Point","coordinates":[-1.50375232534838,47.2112714740649]}},{"type":"Feature","properties":{"geo":{"name":"Stade de la Ligue Atlantique de Football"},"_l":[47.2126800728297,-1.49576482435283],"LIBTHEME":"SPORTS","CODE_POSTAL":44230,"WEB":null,"STATUT":"Public","TELEPHONE":null,"THEME":6,"COMMUNE":"ST-SEBASTIEN","LIBCATEGORIE":"Stade","ADRESSE":"Boulevard des Pas Enchantés","LIBTYPE":null,"_IDOBJ":2161,"TYPE":null,"CATEGORIE":606},"geometry":{"type":"Point","coordinates":[-1.49576482435283,47.2126800728297]}},{"type":"Feature","properties":{"geo":{"name":"Stade de la Croix Jeannette"},"_l":[47.1724561976818,-1.62282816376482],"LIBTHEME":"SPORTS","CODE_POSTAL":44340,"WEB":null,"STATUT":"Public","TELEPHONE":null,"THEME":6,"COMMUNE":"BOUGUENAIS","LIBCATEGORIE":"Stade","ADRESSE":"Rue Pablo Neruda","LIBTYPE":null,"_IDOBJ":2193,"TYPE":null,"CATEGORIE":606},"geometry":{"type":"Point","coordinates":[-1.62282816376482,47.1724561976818]}},{"type":"Feature","properties":{"geo":{"name":"Stade de Beauvoir"},"_l":[47.1813384628233,-1.63094055940366],"LIBTHEME":"SPORTS","CODE_POSTAL":44340,"WEB":"www.ville-bouguenais.fr","STATUT":"Public","TELEPHONE":"02 40 65 06 14","THEME":6,"COMMUNE":"BOUGUENAIS","LIBCATEGORIE":"Stade","ADRESSE":"Chemin du Halage","LIBTYPE":null,"_IDOBJ":2202,"TYPE":null,"CATEGORIE":606},"geometry":{"type":"Point","coordinates":[-1.63094055940366,47.1813384628233]}},{"type":"Feature","properties":{"geo":{"name":"Stade des Landes"},"_l":[47.1756170441002,-1.58662907238535],"LIBTHEME":"SPORTS","CODE_POSTAL":44340,"WEB":"www.ville-bouguenais.fr","STATUT":"Public","TELEPHONE":"02 40 04 13 33","THEME":6,"COMMUNE":"BOUGUENAIS","LIBCATEGORIE":"Stade","ADRESSE":"Rue Jean Baptiste Clément","LIBTYPE":null,"_IDOBJ":2203,"TYPE":null,"CATEGORIE":606},"geometry":{"type":"Point","coordinates":[-1.58662907238535,47.1756170441002]}},{"type":"Feature","properties":{"geo":{"name":"Stade Julien Micheau"},"_l":[47.1728202523257,-1.7255254070564],"LIBTHEME":"SPORTS","CODE_POSTAL":44830,"WEB":null,"STATUT":null,"TELEPHONE":null,"THEME":6,"COMMUNE":"BRAINS","LIBCATEGORIE":"Stade","ADRESSE":"Rue du Bois Joli","LIBTYPE":null,"_IDOBJ":2411,"TYPE":null,"CATEGORIE":606},"geometry":{"type":"Point","coordinates":[-1.7255254070564,47.1728202523257]}},{"type":"Feature","properties":{"geo":{"name":"Stade de la Frémondière"},"_l":[47.2104870142114,-1.71708554407837],"LIBTHEME":"SPORTS","CODE_POSTAL":44220,"WEB":"www.ville-coueron.fr","STATUT":null,"TELEPHONE":"02 40 85 46 60","THEME":6,"COMMUNE":"COUERON","LIBCATEGORIE":"Stade","ADRESSE":"Rue de la Frémondière","LIBTYPE":null,"_IDOBJ":2442,"TYPE":null,"CATEGORIE":606},"geometry":{"type":"Point","coordinates":[-1.71708554407837,47.2104870142114]}},{"type":"Feature","properties":{"geo":{"name":"Stade Donatien et Suzanne Hauray"},"_l":[47.2120419396265,-1.71946117169609],"LIBTHEME":"SPORTS","CODE_POSTAL":44220,"WEB":"www.ville-coueron.fr","STATUT":null,"TELEPHONE":"02 40 38 00 57","THEME":6,"COMMUNE":"COUERON","LIBCATEGORIE":"Stade","ADRESSE":"Rue de la Frémondière","LIBTYPE":null,"_IDOBJ":2443,"TYPE":null,"CATEGORIE":606},"geometry":{"type":"Point","coordinates":[-1.71946117169609,47.2120419396265]}},{"type":"Feature","properties":{"geo":{"name":"Stade Municipal Le Pellerin"},"_l":[47.1961777320699,-1.76061423481004],"LIBTHEME":"SPORTS","CODE_POSTAL":44640,"WEB":"www.ville-lepellerin.fr","STATUT":null,"TELEPHONE":"02 40 04 56 00","THEME":6,"COMMUNE":"LE-PELLERIN","LIBCATEGORIE":"Stade","ADRESSE":"Rue de la Jouardais","LIBTYPE":null,"_IDOBJ":2493,"TYPE":null,"CATEGORIE":606},"geometry":{"type":"Point","coordinates":[-1.76061423481004,47.1961777320699]}},{"type":"Feature","properties":{"geo":{"name":"Stade de Massigné"},"_l":[47.2988927790405,-1.55725415859161],"LIBTHEME":"SPORTS","CODE_POSTAL":44240,"WEB":null,"STATUT":null,"TELEPHONE":null,"THEME":6,"COMMUNE":"LA-CHAPELLE-SUR-ERDRE","LIBCATEGORIE":"Stade","ADRESSE":"Rue Louis Maisonneuve","LIBTYPE":null,"_IDOBJ":2511,"TYPE":null,"CATEGORIE":606},"geometry":{"type":"Point","coordinates":[-1.55725415859161,47.2988927790405]}},{"type":"Feature","properties":{"geo":{"name":"Stade de la Haute Gournière"},"_l":[47.2680033465562,-1.54440193745847],"LIBTHEME":"SPORTS","CODE_POSTAL":44240,"WEB":"www.lachapellesurerdre.fr","STATUT":null,"TELEPHONE":"02 40 72 01 44","THEME":6,"COMMUNE":"LA-CHAPELLE-SUR-ERDRE","LIBCATEGORIE":"Stade","ADRESSE":"Rue des Besneries","LIBTYPE":null,"_IDOBJ":2513,"TYPE":null,"CATEGORIE":606},"geometry":{"type":"Point","coordinates":[-1.54440193745847,47.2680033465562]}},{"type":"Feature","properties":{"geo":{"name":"Stade de rugby Robert Mesnard"},"_l":[47.3036283754249,-1.55960525330873],"LIBTHEME":"SPORTS","CODE_POSTAL":44240,"WEB":"www.lachapellesurerdre.fr","STATUT":null,"TELEPHONE":"02 40 72 09 14","THEME":6,"COMMUNE":"LA-CHAPELLE-SUR-ERDRE","LIBCATEGORIE":"Stade","ADRESSE":"Rue de Beausoleil","LIBTYPE":null,"_IDOBJ":2514,"TYPE":null,"CATEGORIE":606},"geometry":{"type":"Point","coordinates":[-1.55960525330873,47.3036283754249]}},{"type":"Feature","properties":{"geo":{"name":"Stade de football synthétique"},"_l":[47.1825768518883,-1.6740538729403],"LIBTHEME":"SPORTS","CODE_POSTAL":44620,"WEB":null,"STATUT":null,"TELEPHONE":null,"THEME":6,"COMMUNE":"LA-MONTAGNE","LIBCATEGORIE":"Stade","ADRESSE":"Allée du Château d'Aux","LIBTYPE":null,"_IDOBJ":2528,"TYPE":null,"CATEGORIE":606},"geometry":{"type":"Point","coordinates":[-1.6740538729403,47.1825768518883]}},{"type":"Feature","properties":{"geo":{"name":"Stade Saint Jean de Boiseau"},"_l":[47.1877658275626,-1.71022499843855],"LIBTHEME":"SPORTS","CODE_POSTAL":44640,"WEB":null,"STATUT":null,"TELEPHONE":"02 40 65 61 00","THEME":6,"COMMUNE":"SAINT-JEAN-DE-BOISEAU","LIBCATEGORIE":"Stade","ADRESSE":"Rue des Pierres Blanches","LIBTYPE":null,"_IDOBJ":2536,"TYPE":null,"CATEGORIE":606},"geometry":{"type":"Point","coordinates":[-1.71022499843855,47.1877658275626]}},{"type":"Feature","properties":{"geo":{"name":"Stade de Football Marcel Lejay"},"_l":[47.181166226703,-1.67548286181971],"LIBTHEME":"SPORTS","CODE_POSTAL":44620,"WEB":"www.ville-lamontagne.fr","STATUT":null,"TELEPHONE":null,"THEME":6,"COMMUNE":"LA-MONTAGNE","LIBCATEGORIE":"Stade","ADRESSE":"Allée du Château d'Aux","LIBTYPE":null,"_IDOBJ":2544,"TYPE":null,"CATEGORIE":606},"geometry":{"type":"Point","coordinates":[-1.67548286181971,47.181166226703]}},{"type":"Feature","properties":{"geo":{"name":"Stade Municipal des Loquets"},"_l":[47.2928952007586,-1.39372197288169],"LIBTHEME":"SPORTS","CODE_POSTAL":44470,"WEB":null,"STATUT":null,"TELEPHONE":"02 40 25 01 13","THEME":6,"COMMUNE":"MAUVES-SUR-LOIRE","LIBCATEGORIE":"Stade","ADRESSE":"7 Rue de Thouaré","LIBTYPE":null,"_IDOBJ":2551,"TYPE":null,"CATEGORIE":606},"geometry":{"type":"Point","coordinates":[-1.39372197288169,47.2928952007586]}},{"type":"Feature","properties":{"geo":{"name":"Stade de Vertou Centre"},"_l":[47.1658084208778,-1.47239612768862],"LIBTHEME":"SPORTS","CODE_POSTAL":44120,"WEB":null,"STATUT":null,"TELEPHONE":"02 40 34 32 58","THEME":6,"COMMUNE":"VERTOU","LIBCATEGORIE":"Stade","ADRESSE":"Avenue de Morges","LIBTYPE":null,"_IDOBJ":2566,"TYPE":null,"CATEGORIE":606},"geometry":{"type":"Point","coordinates":[-1.47239612768862,47.1658084208778]}},{"type":"Feature","properties":{"geo":{"name":"Stade de la Boissière"},"_l":[47.1729956299059,-1.49389449215447],"LIBTHEME":"SPORTS","CODE_POSTAL":44120,"WEB":null,"STATUT":null,"TELEPHONE":"02 40 34 31 39","THEME":6,"COMMUNE":"VERTOU","LIBCATEGORIE":"Stade","ADRESSE":"Rue de la Boissière","LIBTYPE":null,"_IDOBJ":2568,"TYPE":null,"CATEGORIE":606},"geometry":{"type":"Point","coordinates":[-1.49389449215447,47.1729956299059]}},{"type":"Feature","properties":{"geo":{"name":"Stade Vincent et Robert Girard"},"_l":[47.1847635199967,-1.49234523360176],"LIBTHEME":"SPORTS","CODE_POSTAL":44120,"WEB":null,"STATUT":"privé","TELEPHONE":"02 40 34 73 57","THEME":6,"COMMUNE":"VERTOU","LIBCATEGORIE":"Stade","ADRESSE":"Rue de la Maladrie","LIBTYPE":null,"_IDOBJ":2571,"TYPE":null,"CATEGORIE":606},"geometry":{"type":"Point","coordinates":[-1.49234523360176,47.1847635199967]}},{"type":"Feature","properties":{"geo":{"name":"Stade Loreau"},"_l":[47.1591236342807,-1.48558414099214],"LIBTHEME":"SPORTS","CODE_POSTAL":44120,"WEB":null,"STATUT":null,"TELEPHONE":null,"THEME":6,"COMMUNE":"VERTOU","LIBCATEGORIE":"Stade","ADRESSE":"VC 10","LIBTYPE":null,"_IDOBJ":2573,"TYPE":null,"CATEGORIE":606},"geometry":{"type":"Point","coordinates":[-1.48558414099214,47.1591236342807]}},{"type":"Feature","properties":{"geo":{"name":"Stade municipal"},"_l":[47.2536698421485,-1.48139885324741],"LIBTHEME":"SPORTS","CODE_POSTAL":44980,"WEB":null,"STATUT":null,"TELEPHONE":"02 40 25 89 64","THEME":6,"COMMUNE":"SAINTE-LUCE-SUR-LOIRE","LIBCATEGORIE":"Stade","ADRESSE":"Rue du Stade","LIBTYPE":null,"_IDOBJ":2581,"TYPE":null,"CATEGORIE":606},"geometry":{"type":"Point","coordinates":[-1.48139885324741,47.2536698421485]}},{"type":"Feature","properties":{"geo":{"name":"Stade Henri Michel"},"_l":[47.2178316177451,-1.46875691160205],"LIBTHEME":"SPORTS","CODE_POSTAL":44115,"WEB":null,"STATUT":null,"TELEPHONE":null,"THEME":6,"COMMUNE":"BASSE-GOULAINE","LIBCATEGORIE":"Stade","ADRESSE":"Rue de la Poste","LIBTYPE":null,"_IDOBJ":2644,"TYPE":null,"CATEGORIE":606},"geometry":{"type":"Point","coordinates":[-1.46875691160205,47.2178316177451]}},{"type":"Feature","properties":{"geo":{"name":"Stade de Rugby des Rouleaux"},"_l":[47.2028562340209,-1.46796962085231],"LIBTHEME":"SPORTS","CODE_POSTAL":44115,"WEB":null,"STATUT":null,"TELEPHONE":null,"THEME":6,"COMMUNE":"BASSE-GOULAINE","LIBCATEGORIE":"Stade","ADRESSE":"Rue Simone De Beauvoir","LIBTYPE":null,"_IDOBJ":2647,"TYPE":null,"CATEGORIE":606},"geometry":{"type":"Point","coordinates":[-1.46796962085231,47.2028562340209]}},{"type":"Feature","properties":{"geo":{"name":"Parc des Sports"},"_l":[47.2615705329282,-1.45369470250542],"LIBTHEME":"SPORTS","CODE_POSTAL":44470,"WEB":null,"STATUT":null,"TELEPHONE":null,"THEME":6,"COMMUNE":"THOUARE-SUR-LOIRE","LIBCATEGORIE":"Stade","ADRESSE":"2 Avenue du Parc des Sports","LIBTYPE":null,"_IDOBJ":2651,"TYPE":null,"CATEGORIE":606},"geometry":{"type":"Point","coordinates":[-1.45369470250542,47.2615705329282]}},{"type":"Feature","properties":{"geo":{"name":"Stade Philippe Porcher"},"_l":[47.2458174722199,-1.46132231714737],"LIBTHEME":"SPORTS","CODE_POSTAL":44980,"WEB":null,"STATUT":null,"TELEPHONE":null,"THEME":6,"COMMUNE":"SAINTE-LUCE-SUR-LOIRE","LIBCATEGORIE":"Stade","ADRESSE":"Allée Robert Cheval","LIBTYPE":null,"_IDOBJ":2652,"TYPE":null,"CATEGORIE":606},"geometry":{"type":"Point","coordinates":[-1.46132231714737,47.2458174722199]}},{"type":"Feature","properties":{"geo":{"name":"Stade Léo Lagrange"},"_l":[47.1818649955412,-1.56942931910424],"LIBTHEME":"SPORTS","CODE_POSTAL":44400,"WEB":null,"STATUT":null,"TELEPHONE":null,"THEME":6,"COMMUNE":"REZE","LIBCATEGORIE":"Stade","ADRESSE":"Avenue Léon Blum","LIBTYPE":null,"_IDOBJ":2654,"TYPE":null,"CATEGORIE":606},"geometry":{"type":"Point","coordinates":[-1.56942931910424,47.1818649955412]}},{"type":"Feature","properties":{"geo":{"name":"Stade Sèvre et Maine"},"_l":[47.1638293313631,-1.46555765365028],"LIBTHEME":"SPORTS","CODE_POSTAL":44120,"WEB":null,"STATUT":null,"TELEPHONE":null,"THEME":6,"COMMUNE":"VERTOU","LIBCATEGORIE":"Stade","ADRESSE":"Allée de la Vigne de Pâques","LIBTYPE":null,"_IDOBJ":2671,"TYPE":null,"CATEGORIE":606},"geometry":{"type":"Point","coordinates":[-1.46555765365028,47.1638293313631]}},{"type":"Feature","properties":{"geo":{"name":"Stade Raymond Durand"},"_l":[47.1825752547099,-1.49883622580853],"LIBTHEME":"SPORTS","CODE_POSTAL":44120,"WEB":null,"STATUT":null,"TELEPHONE":null,"THEME":6,"COMMUNE":"VERTOU","LIBCATEGORIE":"Stade","ADRESSE":"Impasse du Stade Raymond Durand","LIBTYPE":null,"_IDOBJ":2674,"TYPE":null,"CATEGORIE":606},"geometry":{"type":"Point","coordinates":[-1.49883622580853,47.1825752547099]}},{"type":"Feature","properties":{"geo":{"name":"Plateau sportif du Fougan-de-Mer"},"_l":[47.1832208384498,-1.57953925266013],"LIBTHEME":"SPORTS","CODE_POSTAL":44340,"WEB":"www.ville-bouguenais.fr","STATUT":null,"TELEPHONE":null,"THEME":6,"COMMUNE":"BOUGUENAIS","LIBCATEGORIE":"Stade","ADRESSE":"Rue du Commandant Charcot","LIBTYPE":null,"_IDOBJ":3298,"TYPE":null,"CATEGORIE":606},"geometry":{"type":"Point","coordinates":[-1.57953925266013,47.1832208384498]}},{"type":"Feature","properties":{"geo":{"name":"Terrain stabilisé de la Croix Jeannette"},"_l":[47.1711869849478,-1.62049028927955],"LIBTHEME":"SPORTS","CODE_POSTAL":44340,"WEB":"www.ville-bouguenais.fr","STATUT":null,"TELEPHONE":null,"THEME":6,"COMMUNE":"BOUGUENAIS","LIBCATEGORIE":"Stade","ADRESSE":"Chemin Albert Camus","LIBTYPE":null,"_IDOBJ":3306,"TYPE":null,"CATEGORIE":606},"geometry":{"type":"Point","coordinates":[-1.62049028927955,47.1711869849478]}},{"type":"Feature","properties":{"geo":{"name":"Stade Pierre de Coubertin"},"_l":[47.1749884728192,-1.59181038072302],"LIBTHEME":"SPORTS","CODE_POSTAL":44340,"WEB":null,"STATUT":null,"TELEPHONE":null,"THEME":6,"COMMUNE":"BOUGUENAIS","LIBCATEGORIE":"Stade","ADRESSE":"Chemin de la Neustrie","LIBTYPE":null,"_IDOBJ":3314,"TYPE":null,"CATEGORIE":606},"geometry":{"type":"Point","coordinates":[-1.59181038072302,47.1749884728192]}},{"type":"Feature","properties":{"geo":{"name":"Stade La Herdrie"},"_l":[47.1970606984537,-1.4518438765204],"LIBTHEME":"SPORTS","CODE_POSTAL":44115,"WEB":null,"STATUT":null,"TELEPHONE":null,"THEME":6,"COMMUNE":"BASSE-GOULAINE","LIBCATEGORIE":"Stade","ADRESSE":"81 Rue de la Basse Lande","LIBTYPE":null,"_IDOBJ":3382,"TYPE":null,"CATEGORIE":606},"geometry":{"type":"Point","coordinates":[-1.4518438765204,47.1970606984537]}},{"type":"Feature","properties":{"geo":{"name":"Piste d'athlétisme"},"_l":[47.1543009732966,-1.68227255927785],"LIBTHEME":"SPORTS","CODE_POSTAL":44830,"WEB":null,"STATUT":null,"TELEPHONE":null,"THEME":6,"COMMUNE":"BOUAYE","LIBCATEGORIE":"Stade","ADRESSE":"Esplanade de l'Edit de Nantes","LIBTYPE":null,"_IDOBJ":3406,"TYPE":null,"CATEGORIE":606},"geometry":{"type":"Point","coordinates":[-1.68227255927785,47.1543009732966]}},{"type":"Feature","properties":{"geo":{"name":"Plateau Multisports"},"_l":[47.2632318683259,-1.59694048733103],"LIBTHEME":"SPORTS","CODE_POSTAL":44700,"WEB":"www.orvault.fr","STATUT":null,"TELEPHONE":null,"THEME":6,"COMMUNE":"ORVAULT","LIBCATEGORIE":"Stade","ADRESSE":"22 Avenue du Petit Moulin","LIBTYPE":null,"_IDOBJ":3442,"TYPE":null,"CATEGORIE":606},"geometry":{"type":"Point","coordinates":[-1.59694048733103,47.2632318683259]}},{"type":"Feature","properties":{"geo":{"name":"Stade de football stabilisé"},"_l":[47.1828093776348,-1.67502533343084],"LIBTHEME":"SPORTS","CODE_POSTAL":44620,"WEB":null,"STATUT":null,"TELEPHONE":null,"THEME":6,"COMMUNE":"LA-MONTAGNE","LIBCATEGORIE":"Stade","ADRESSE":"Allée du Château d'Aux","LIBTYPE":null,"_IDOBJ":3445,"TYPE":null,"CATEGORIE":606},"geometry":{"type":"Point","coordinates":[-1.67502533343084,47.1828093776348]}},{"type":"Feature","properties":{"geo":{"name":"Stade Georges Tougeron"},"_l":[47.1498081053604,-1.69313170407814],"LIBTHEME":"SPORTS","CODE_POSTAL":44830,"WEB":null,"STATUT":null,"TELEPHONE":null,"THEME":6,"COMMUNE":"BOUAYE","LIBCATEGORIE":"Stade","ADRESSE":"Rue du Stade","LIBTYPE":null,"_IDOBJ":3593,"TYPE":null,"CATEGORIE":606},"geometry":{"type":"Point","coordinates":[-1.69313170407814,47.1498081053604]}},{"type":"Feature","properties":{"geo":{"name":"Terrain de Football"},"_l":[47.1762811485736,-1.46628233029004],"LIBTHEME":"SPORTS","CODE_POSTAL":44120,"WEB":null,"STATUT":null,"TELEPHONE":null,"THEME":6,"COMMUNE":"VERTOU","LIBCATEGORIE":"Stade","ADRESSE":"Rue du Bignonnet","LIBTYPE":null,"_IDOBJ":3788,"TYPE":null,"CATEGORIE":606},"geometry":{"type":"Point","coordinates":[-1.46628233029004,47.1762811485736]}},{"type":"Feature","properties":{"geo":{"name":"Stade du Lycée Saint-Joseph du Loquidy"},"_l":[47.2380395352092,-1.55770409787929],"LIBTHEME":"SPORTS","CODE_POSTAL":44300,"WEB":null,"STATUT":"Privé","TELEPHONE":null,"THEME":6,"COMMUNE":"NANTES","LIBCATEGORIE":"Stade","ADRESSE":"75 Boulevard Michelet","LIBTYPE":null,"_IDOBJ":3801,"TYPE":null,"CATEGORIE":606},"geometry":{"type":"Point","coordinates":[-1.55770409787929,47.2380395352092]}},{"type":"Feature","properties":{"geo":{"name":"Stade Extérieur de l'Ecole Saint-Donatien"},"_l":[47.2282049176816,-1.54264710177785],"LIBTHEME":"SPORTS","CODE_POSTAL":44000,"WEB":null,"STATUT":"Et. scolaire privé","TELEPHONE":null,"THEME":6,"COMMUNE":"NANTES","LIBCATEGORIE":"Stade","ADRESSE":"15 Rue Saint Donatien","LIBTYPE":null,"_IDOBJ":3802,"TYPE":null,"CATEGORIE":606},"geometry":{"type":"Point","coordinates":[-1.54264710177785,47.2282049176816]}},{"type":"Feature","properties":{"geo":{"name":"Stade Extérieur du Lycée François d'Amboise Chavagne"},"_l":[47.2171003160327,-1.57147215296726],"LIBTHEME":"SPORTS","CODE_POSTAL":44000,"WEB":null,"STATUT":"Et. scolaire privé","TELEPHONE":null,"THEME":6,"COMMUNE":"NANTES","LIBCATEGORIE":"Stade","ADRESSE":"11 Rue Mondésir","LIBTYPE":null,"_IDOBJ":3805,"TYPE":null,"CATEGORIE":606},"geometry":{"type":"Point","coordinates":[-1.57147215296726,47.2171003160327]}},{"type":"Feature","properties":{"geo":{"name":"Stade Extérieur du Collège Saint Jacques de Compostelle"},"_l":[47.1957367208518,-1.53933630810773],"LIBTHEME":"SPORTS","CODE_POSTAL":44200,"WEB":null,"STATUT":"Et. scolaire privé","TELEPHONE":null,"THEME":6,"COMMUNE":"NANTES","LIBCATEGORIE":"Stade","ADRESSE":"11 Rue Gabriel Goudy","LIBTYPE":null,"_IDOBJ":3806,"TYPE":null,"CATEGORIE":606},"geometry":{"type":"Point","coordinates":[-1.53933630810773,47.1957367208518]}},{"type":"Feature","properties":{"geo":{"name":"Stade Extérieur du Collège Théophane  Vénard"},"_l":[47.2324260268241,-1.57914795738538],"LIBTHEME":"SPORTS","CODE_POSTAL":44100,"WEB":null,"STATUT":"Et. scolaire privé","TELEPHONE":null,"THEME":6,"COMMUNE":"NANTES","LIBCATEGORIE":"Stade","ADRESSE":"55 Rue Chanoine Larose","LIBTYPE":null,"_IDOBJ":3807,"TYPE":null,"CATEGORIE":606},"geometry":{"type":"Point","coordinates":[-1.57914795738538,47.2324260268241]}},{"type":"Feature","properties":{"geo":{"name":"Stade Extérieur de l'Ecole Jean XXIII"},"_l":[47.2273651293697,-1.56543508178863],"LIBTHEME":"SPORTS","CODE_POSTAL":44000,"WEB":null,"STATUT":"Et. scolaire privé","TELEPHONE":null,"THEME":6,"COMMUNE":"NANTES","LIBCATEGORIE":"Stade","ADRESSE":"25 Rue Alphonse Daudet","LIBTYPE":null,"_IDOBJ":3808,"TYPE":null,"CATEGORIE":606},"geometry":{"type":"Point","coordinates":[-1.56543508178863,47.2273651293697]}},{"type":"Feature","properties":{"geo":{"name":"Stade Extérieur de l'Ecole Sainte Thérèse"},"_l":[47.2367211214745,-1.50282989650148],"LIBTHEME":"SPORTS","CODE_POSTAL":44300,"WEB":null,"STATUT":"Et. scolaire privé","TELEPHONE":null,"THEME":6,"COMMUNE":"NANTES","LIBCATEGORIE":"Stade","ADRESSE":"11 Rue de la Papotière","LIBTYPE":null,"_IDOBJ":3811,"TYPE":null,"CATEGORIE":606},"geometry":{"type":"Point","coordinates":[-1.50282989650148,47.2367211214745]}},{"type":"Feature","properties":{"geo":{"name":"Stade Extérieur du Lycée la Perverie"},"_l":[47.242986031633,-1.56255058890073],"LIBTHEME":"SPORTS","CODE_POSTAL":44300,"WEB":null,"STATUT":"Et. scolaire privé","TELEPHONE":null,"THEME":6,"COMMUNE":"NANTES","LIBCATEGORIE":"Stade","ADRESSE":"63 Rue de la Perverie","LIBTYPE":null,"_IDOBJ":3812,"TYPE":null,"CATEGORIE":606},"geometry":{"type":"Point","coordinates":[-1.56255058890073,47.242986031633]}},{"type":"Feature","properties":{"geo":{"name":"Stade Extérieur du Lycée Saint Jean Baptiste de la Salle"},"_l":[47.2321665099077,-1.56041184291151],"LIBTHEME":"SPORTS","CODE_POSTAL":44000,"WEB":null,"STATUT":"Et. scolaire privé","TELEPHONE":null,"THEME":6,"COMMUNE":"NANTES","LIBCATEGORIE":"Stade","ADRESSE":"14 Rue du Ballet","LIBTYPE":null,"_IDOBJ":3814,"TYPE":null,"CATEGORIE":606},"geometry":{"type":"Point","coordinates":[-1.56041184291151,47.2321665099077]}},{"type":"Feature","properties":{"geo":{"name":"Stade Extérieur de l'Ecole Sainte Claire"},"_l":[47.2538918249718,-1.55701410351339],"LIBTHEME":"SPORTS","CODE_POSTAL":44300,"WEB":null,"STATUT":"Et. scolaire privé","TELEPHONE":null,"THEME":6,"COMMUNE":"NANTES","LIBCATEGORIE":"Stade","ADRESSE":"70 Rue de la Bourgeonnière","LIBTYPE":null,"_IDOBJ":3816,"TYPE":null,"CATEGORIE":606},"geometry":{"type":"Point","coordinates":[-1.55701410351339,47.2538918249718]}}]}